type,label
0,283
0,92
0,42
0,174
0,269
0,208
0,96
0,174
0,185
0,283
0,60
0,128
0,43
0,123
0,128
0,231
0,257
0,260
0,257
0,143
0,56
0,113
0,123
0,279
0,139
0,214
0,75
0,143
0,8
0,185
0,79
0,153
0,258
0,35
0,150
0,79
0,113
0,88
0,148
0,89
0,82
0,41
0,175
0,88
0,96
0,44
0,28
0,47
0,271
0,228
0,20
0,75
0,52
0,28
0,142
0,81
0,61
0,24
0,42
0,257
0,59
0,150
0,138
0,35
0,39
0,24
0,104
0,5
0,99
0,167
0,85
0,98
0,61
0,52
0,23
0,92
0,185
0,283
0,172
0,66
0,220
0,59
0,53
0,150
0,284
0,103
0,153
0,132
0,113
0,139
0,105
0,221
0,22
0,104
0,128
0,39
0,61
0,154
0,11
0,88
0,137
0,8
0,260
0,241
0,260
0,132
0,175
0,8
0,46
0,71
0,88
0,2
0,94
0,52
0,39
0,88
0,105
0,142
0,60
0,244
0,162
0,157
0,228
0,285
0,12
0,22
0,237
0,150
0,154
0,73
0,219
0,88
0,258
0,273
0,102
0,8
0,148
0,102
0,61
0,33
0,115
0,28
0,61
0,208
0,139
0,119
0,215
0,64
0,151
0,203
0,81
0,203
0,41
0,59
0,111
0,91
0,19
0,99
0,137
0,25
0,260
0,231
0,244
0,24
0,155
0,296
0,26
0,274
0,59
0,128
0,105
0,157
0,215
0,3
0,231
0,24
0,18
0,81
0,20
0,283
0,22
0,174
0,231
0,233
0,284
0,98
0,208
0,251
0,164
0,35
0,142
0,78
0,59
0,3
0,220
0,69
0,88
0,18
0,44
0,259
0,76
0,116
0,81
0,98
0,233
0,56
0,271
0,283
0,50
0,196
0,73
0,18
0,105
0,203
0,219
0,185
0,179
0,265
0,36
0,207
0,274
0,83
0,80
0,142
0,172
0,104
0,102
0,14
0,68
0,96
0,52
0,92
0,24
0,221
0,96
0,259
0,271
0,12
0,89
0,18
0,11
0,112
0,241
0,82
0,87
0,175
0,279
0,91
0,113
0,46
0,25
0,36
0,68
0,142
0,159
0,235
0,83
0,203
0,128
0,113
0,153
0,85
0,5
0,72
0,143
0,167
0,29
0,29
0,13
0,96
0,253
0,179
0,24
0,91
0,61
0,241
0,150
0,52
0,28
0,39
0,102
0,88
0,151
0,150
0,221
0,139
0,98
0,203
0,253
0,237
0,119
0,82
0,88
0,154
0,235
0,96
0,260
0,156
0,179
0,9
0,116
0,257
0,22
0,148
0,284
0,71
0,40
0,273
0,185
0,283
0,179
0,48
0,175
0,52
0,73
0,116
0,237
0,293
0,235
0,56
0,284
0,157
0,18
0,132
0,150
0,208
0,91
0,283
0,228
0,208
0,43
0,119
0,36
0,42
0,184
0,185
0,66
0,139
0,269
0,82
0,14
0,43
0,151
0,76
0,89
0,148
0,58
0,96
0,53
0,276
0,166
0,94
0,40
0,228
0,50
0,258
0,259
0,163
0,36
0,73
0,36
0,72
0,80
0,258
0,89
0,89
0,71
0,48
0,102
0,78
0,18
0,185
0,71
0,37
0,56
0,46
0,98
0,185
0,104
0,8
0,68
0,98
0,174
0,28
0,163
0,235
0,61
0,113
0,228
0,140
0,175
0,172
0,157
0,104
0,150
0,177
0,219
0,145
0,269
0,179
0,92
0,283
0,273
0,74
0,244
0,71
0,43
0,296
0,203
0,214
0,88
0,9
0,175
0,83
0,253
0,166
0,113
0,179
0,150
0,61
0,11
0,104
0,61
0,251
0,138
0,48
0,184
0,167
0,241
0,196
0,79
0,2
0,172
0,12
0,14
0,35
0,76
0,71
0,185
0,8
0,128
0,42
0,62
0,48
0,138
0,43
0,85
0,154
0,44
0,116
0,128
0,279
0,258
0,88
0,150
0,259
0,285
0,276
0,138
0,112
0,12
0,48
0,163
0,47
0,119
0,119
0,156
0,196
0,59
0,33
0,185
0,111
0,284
0,75
0,98
0,155
0,219
0,33
0,123
0,296
0,244
0,271
0,74
0,5
0,240
0,56
0,251
0,47
0,140
0,3
0,139
0,103
0,241
0,139
0,179
0,66
0,64
0,99
0,279
0,71
0,142
0,91
0,80
0,22
0,195
0,87
0,279
0,62
0,166
0,116
0,33
0,269
0,172
0,68
0,159
0,46
0,33
0,269
0,203
0,81
0,82
0,233
0,285
0,235
0,148
0,103
0,203
0,92
0,69
0,145
0,265
0,80
0,41
0,36
0,174
0,85
0,132
0,179
0,174
0,60
0,260
0,220
0,111
0,33
0,153
0,12
0,148
0,196
0,139
0,148
0,68
0,59
0,39
0,83
0,78
0,157
0,26
0,40
0,75
0,164
0,142
0,257
0,207
0,25
0,25
0,44
0,155
0,6
0,18
0,207
0,220
0,233
0,151
0,215
0,79
0,253
0,283
0,22
0,196
0,174
0,62
0,208
0,139
0,175
0,279
0,80
0,159
0,115
0,285
0,64
0,66
0,102
0,179
0,50
0,150
0,82
0,128
0,207
0,8
0,207
0,154
0,5
0,184
0,157
0,44
0,157
0,251
0,284
0,66
0,166
0,53
0,66
0,18
0,99
0,69
0,36
0,244
0,79
0,113
0,296
0,72
0,221
0,104
0,119
0,87
0,150
0,91
0,258
0,140
0,166
0,259
0,132
0,3
0,139
0,25
0,177
0,172
0,52
0,39
0,113
0,215
0,177
0,157
0,60
0,148
0,119
0,127
0,62
0,44
0,18
0,24
0,40
0,60
0,184
0,228
0,102
0,85
0,140
0,257
0,92
0,185
0,99
0,219
0,208
0,6
0,177
0,179
0,12
0,235
0,293
0,59
0,251
0,276
0,71
0,210
0,42
0,265
0,64
0,75
0,139
0,44
0,81
0,285
0,69
0,70
0,148
0,167
0,177
0,47
0,164
0,36
0,185
0,85
0,119
0,116
0,244
0,185
0,70
0,296
0,104
0,58
0,119
0,157
0,231
0,139
0,61
0,28
0,172
0,116
0,22
0,111
0,139
0,154
0,75
0,78
0,58
0,6
0,75
0,83
0,81
0,179
0,80
0,162
0,52
0,228
0,155
0,24
0,87
0,5
0,253
0,257
0,98
0,11
0,24
0,148
0,69
0,64
0,285
0,26
0,14
0,85
0,285
0,105
0,73
0,96
0,94
0,79
0,40
0,43
0,81
0,274
0,3
0,2
0,286
0,175
0,36
0,162
0,271
0,72
0,103
0,89
0,26
0,92
0,258
0,127
0,35
0,61
0,241
0,83
0,153
0,35
0,71
0,140
0,9
0,283
0,241
0,115
0,148
0,259
0,72
0,6
0,68
0,137
0,210
0,64
0,196
0,172
0,75
0,14
0,143
0,41
0,233
0,208
0,228
0,166
0,104
0,66
0,203
0,242
0,26
0,56
0,162
0,72
0,35
0,148
0,195
0,215
0,132
0,162
0,79
0,207
0,60
0,123
0,36
0,283
0,25
0,12
0,61
0,237
0,5
0,24
0,89
0,164
0,88
0,26
0,18
0,74
0,33
0,81
0,195
0,276
0,75
0,26
0,53
0,166
0,172
0,174
0,44
0,48
0,296
0,235
0,71
0,203
0,39
0,128
0,132
0,153
0,116
0,33
0,162
0,8
0,46
0,12
0,39
0,185
0,164
0,113
0,156
0,210
0,2
0,111
0,12
0,79
0,196
0,37
0,185
0,75
0,195
0,35
0,12
0,296
0,94
0,240
0,139
0,220
0,2
0,52
0,23
0,33
0,69
0,6
0,85
0,210
0,26
0,103
0,257
0,9
0,74
0,286
0,36
0,58
0,162
0,210
0,123
0,162
0,260
0,276
0,87
0,156
0,43
0,94
0,112
0,75
0,88
0,6
0,156
0,5
0,115
0,244
0,36
0,175
0,113
0,157
0,153
0,143
0,102
0,162
0,166
0,14
0,88
0,286
0,104
0,24
0,85
0,74
0,60
0,235
0,128
0,40
0,166
0,174
0,33
0,111
0,142
0,273
0,177
0,68
0,271
0,92
0,85
0,196
0,35
0,166
0,179
0,269
0,259
0,140
0,123
0,184
0,94
0,60
0,257
0,148
0,162
0,286
0,33
0,46
0,48
0,85
0,253
0,88
0,208
0,260
0,231
0,127
0,111
0,155
0,40
0,233
0,33
0,78
0,2
0,164
0,83
0,11
0,269
0,155
0,18
0,296
0,25
0,87
0,92
0,244
0,37
0,154
0,233
0,235
0,253
0,70
0,145
0,42
0,50
0,33
0,215
0,166
0,139
0,81
0,196
0,251
0,88
0,154
0,78
0,3
0,6
0,56
0,111
0,155
0,177
0,140
0,39
0,96
0,72
0,210
0,235
0,286
0,162
0,257
0,127
0,68
0,104
0,258
0,98
0,203
0,102
0,23
0,46
0,177
0,154
0,20
0,39
0,46
0,296
0,85
0,203
0,83
0,233
0,5
0,112
0,25
0,47
0,44
0,72
0,80
0,104
0,53
0,116
0,12
0,8
0,42
0,78
0,29
0,269
0,127
0,196
0,207
0,8
0,104
0,36
0,195
0,127
0,13
0,6
0,148
0,157
0,41
0,35
0,235
0,59
0,153
0,138
0,22
0,105
0,50
0,127
0,159
0,91
0,104
0,116
0,28
0,104
0,127
0,116
0,74
0,166
0,8
0,35
0,36
0,85
0,80
0,50
0,36
0,116
0,88
0,66
0,2
0,113
0,260
0,83
0,46
0,62
0,105
0,127
0,85
0,283
0,208
0,26
0,127
0,185
0,44
0,253
0,153
0,233
0,3
0,24
0,148
0,61
0,48
0,175
0,3
0,46
0,228
0,36
0,132
0,237
0,18
0,58
0,119
0,137
0,128
0,14
0,174
0,102
0,235
0,62
0,102
0,13
0,74
0,58
0,42
0,85
0,96
0,8
0,265
0,185
0,185
0,260
0,2
0,80
0,241
0,142
0,151
0,105
0,66
0,69
0,47
0,12
0,163
0,138
0,287
0,177
0,260
0,142
0,231
0,62
0,39
0,203
0,39
0,88
0,179
0,156
0,6
0,203
0,89
0,81
0,139
0,177
0,12
0,46
0,153
0,28
0,139
0,258
0,174
0,26
0,78
0,179
0,184
0,39
0,219
0,283
0,203
0,184
0,167
0,293
0,9
0,58
0,80
0,113
0,56
0,253
0,2
0,37
0,240
0,80
0,220
0,220
0,62
0,3
0,155
0,123
0,18
0,215
0,2
0,148
0,53
0,96
0,50
0,251
0,76
0,50
0,12
0,91
0,207
0,143
0,115
0,143
0,83
0,14
0,237
0,79
0,172
0,80
0,28
0,62
0,159
0,71
0,26
0,283
0,240
0,68
0,26
0,219
0,184
0,74
0,11
0,139
0,179
0,39
0,70
0,159
0,283
0,286
0,3
0,105
0,113
0,112
0,184
0,137
0,113
0,142
0,75
0,151
0,24
0,214
0,22
0,2
0,119
0,61
0,8
0,166
0,220
0,115
0,113
0,3
0,296
0,12
0,166
0,22
0,260
0,102
0,62
0,128
0,60
0,284
0,233
0,79
0,156
0,53
0,26
0,159
0,56
0,61
0,142
0,242
0,94
0,215
1,142
1,244
1,135
1,298
1,145
1,115
1,158
1,22
1,96
1,114
1,39
1,24
1,29
1,45
1,176
1,214
1,205
1,192
1,2
1,194
1,190
1,66
1,271
1,219
1,211
1,210
1,83
1,227
1,275
1,11
1,262
1,230
1,240
1,205
1,31
1,240
1,46
1,173
1,195
1,205
1,115
1,249
1,154
1,80
1,26
1,211
1,257
1,18
1,150
1,18
1,43
1,113
1,206
1,19
1,62
1,104
1,275
1,145
1,38
1,258
1,81
1,137
1,262
1,19
1,253
1,46
1,60
1,111
1,222
1,9
1,40
1,27
1,36
1,247
1,40
1,31
1,47
1,31
1,232
1,2
1,222
1,222
1,63
1,40
1,220
1,45
1,91
1,143
1,206
1,22
1,154
1,81
1,173
1,215
1,69
1,76
1,226
1,22
1,131
1,261
1,119
1,103
1,157
1,194
1,80
1,60
1,179
1,11
1,27
1,298
1,43
1,82
1,104
1,210
1,69
1,68
1,177
1,203
1,82
1,262
1,1
1,208
1,5
1,20
1,19
1,5
1,207
1,76
1,73
1,22
1,157
1,251
1,13
1,154
1,91
1,37
1,11
1,25
1,112
1,47
1,199
1,30
1,135
1,46
1,23
1,71
1,19
1,176
1,156
1,145
1,157
1,137
1,219
1,167
1,40
1,275
1,52
1,101
1,214
1,199
1,231
1,120
1,265
1,196
1,34
1,4
1,37
1,117
1,11
1,39
1,249
1,61
1,91
1,221
1,249
1,222
1,48
1,128
1,135
1,19
1,33
1,50
1,113
1,103
1,61
1,230
1,79
1,113
1,271
1,117
1,117
1,57
1,26
1,89
1,81
1,194
1,143
1,275
1,175
1,83
1,53
1,294
1,212
1,227
1,232
1,150
1,177
1,142
1,8
1,64
1,240
1,53
1,135
1,19
1,50
1,30
1,155
1,5
1,11
1,40
1,115
1,23
1,113
1,24
1,212
1,114
1,229
1,52
1,24
1,177
1,102
1,34
1,33
1,52
1,47
1,43
1,79
1,104
1,34
1,280
1,247
1,53
1,145
1,222
1,46
1,247
1,53
1,102
1,257
1,6
1,113
1,207
1,111
1,295
1,271
1,214
1,196
1,71
1,37
1,85
1,35
1,43
1,73
1,275
1,63
1,55
1,5
1,27
1,206
1,140
1,240
1,76
1,271
1,231
1,164
1,48
1,57
1,61
1,150
1,240
1,298
1,256
1,212
1,40
1,74
1,185
1,57
1,42
1,157
1,80
1,192
1,83
1,253
1,140
1,249
1,215
1,298
1,155
1,47
1,206
1,119
1,42
1,232
1,262
1,11
1,9
1,34
1,73
1,62
1,211
1,62
1,117
1,117
1,104
1,46
1,154
1,194
1,236
1,276
1,59
1,50
1,57
1,35
1,123
1,179
1,215
1,22
1,46
1,150
1,25
1,240
1,29
1,229
1,74
1,153
1,196
1,275
1,19
1,206
1,113
1,76
1,11
1,11
1,157
1,63
1,53
1,40
1,47
1,220
1,162
1,74
1,53
1,259
1,137
1,82
1,185
1,280
1,294
1,33
1,36
1,79
1,119
1,88
1,43
1,104
1,148
1,63
1,52
1,173
1,30
1,19
1,20
1,89
1,55
1,112
1,232
1,4
1,199
1,80
1,226
1,76
1,159
1,13
1,46
1,17
1,21
1,194
1,207
1,249
1,56
1,63
1,226
1,40
1,24
1,158
1,117
1,194
1,31
1,128
1,249
1,62
1,298
1,157
1,28
1,206
1,249
1,60
1,71
1,150
1,294
1,210
1,261
1,31
1,22
1,236
1,57
1,22
1,48
1,48
1,240
1,167
1,112
1,115
1,52
1,101
1,111
1,81
1,206
1,240
1,80
1,20
1,81
1,36
1,77
1,115
1,117
1,148
1,40
1,85
1,9
1,27
1,298
1,164
1,251
1,128
1,148
1,208
1,63
1,261
1,295
1,50
1,247
1,236
1,61
1,167
1,78
1,103
1,294
1,74
1,9
1,21
1,89
1,24
1,258
1,71
1,172
1,19
1,23
1,18
1,195
1,46
1,18
1,89
1,1
1,6
1,203
1,27
1,177
1,232
1,85
1,220
1,52
1,85
1,37
1,101
1,48
1,280
1,194
1,143
1,154
1,116
1,119
1,298
1,261
1,176
1,56
1,57
1,236
1,210
1,56
1,173
1,175
1,43
1,53
1,22
1,119
1,4
1,19
1,46
1,230
1,211
1,120
1,208
1,56
1,25
1,226
1,294
1,159
1,43
1,163
1,256
1,210
1,27
1,13
1,262
1,227
1,38
1,43
1,60
1,2
1,206
1,63
1,211
1,27
1,45
1,210
1,177
1,119
1,140
1,231
1,230
1,40
1,77
1,73
1,153
1,259
1,148
1,91
1,81
1,50
1,158
1,87
1,61
1,101
1,79
1,8
1,61
1,79
1,210
1,43
1,261
1,4
1,5
1,262
1,172
1,275
1,33
1,43
1,298
1,79
1,45
1,203
1,167
1,179
1,279
1,25
1,74
1,37
1,156
1,269
1,38
1,143
1,73
1,298
1,57
1,28
1,58
1,253
1,26
1,19
1,40
1,65
1,275
1,154
1,21
1,222
1,142
1,29
1,262
1,18
1,151
1,226
1,112
1,35
1,29
1,219
1,272
1,280
1,64
1,253
1,28
1,26
1,8
1,262
1,86
1,89
1,127
1,30
1,196
1,66
1,222
1,74
1,176
1,177
1,156
1,42
1,87
1,8
1,272
1,154
1,226
1,236
1,23
1,31
1,190
1,157
1,155
1,262
1,257
1,175
1,17
1,104
1,279
1,229
1,102
1,123
1,174
1,271
1,156
1,117
1,247
1,1
1,253
1,60
1,153
1,60
1,177
1,88
1,13
1,298
1,63
1,117
1,53
1,211
1,228
1,79
1,120
1,162
1,179
1,104
1,221
1,63
1,5
1,13
1,21
1,69
1,163
1,221
1,78
1,206
1,229
1,236
1,203
1,39
1,37
1,25
1,88
1,173
1,143
1,57
1,31
1,142
1,155
1,38
1,159
1,157
1,64
1,173
1,211
1,206
1,19
1,158
1,26
1,59
1,208
1,231
1,155
1,74
1,62
1,19
1,13
1,27
1,262
1,60
1,249
1,19
1,77
1,163
1,38
1,115
1,206
1,275
1,220
1,78
1,22
1,52
1,18
1,175
1,163
1,117
1,33
1,57
1,251
1,1
1,50
1,31
1,159
1,227
1,53
1,20
1,251
1,63
1,258
1,196
1,9
1,262
1,141
1,69
1,221
1,258
1,157
1,150
1,21
1,262
1,66
1,123
1,45
1,43
1,294
1,31
1,27
1,75
1,153
1,71
1,280
1,22
1,46
1,60
1,27
1,128
1,62
1,247
1,173
1,23
1,272
1,176
1,220
1,236
1,232
1,222
1,91
1,295
1,141
1,236
1,40
1,101
1,280
1,68
1,295
1,81
1,256
1,232
1,123
1,1
1,114
1,116
1,240
1,142
1,141
1,271
1,199
1,30
1,251
1,262
1,34
1,258
1,154
1,71
1,157
1,220
1,195
1,143
1,11
1,261
1,76
1,231
1,73
1,86
1,81
1,175
1,151
1,30
1,142
1,115
1,78
1,11
1,9
1,194
1,177
1,104
1,283
1,72
1,34
1,280
1,262
1,179
1,207
1,256
1,142
1,137
1,70
1,42
1,70
1,41
1,173
1,69
1,6
1,140
1,244
1,227
1,53
1,37
1,151
1,62
1,196
1,247
1,57
1,88
1,76
1,69
1,212
1,42
1,157
1,42
1,72
1,142
1,137
1,143
1,249
1,210
1,72
1,298
1,164
1,25
1,79
1,229
1,271
1,73
1,103
1,73
1,179
1,39
1,211
1,177
1,117
1,112
1,79
1,80
1,206
1,117
1,214
1,298
1,48
1,92
1,148
1,52
1,11
1,11
1,131
1,81
1,37
1,148
1,74
1,29
1,38
1,195
1,21
1,220
1,24
1,70
1,27
1,154
1,43
1,63
1,47
1,26
1,175
1,9
1,210
1,11
1,240
1,35
1,137
1,230
1,148
1,167
1,220
1,271
1,151
1,74
1,91
1,123
1,30
1,137
1,230
1,37
1,128
1,253
1,236
1,211
1,26
1,63
1,175
1,43
1,156
1,29
1,82
1,76
1,23
1,283
1,253
1,175
1,26
1,77
1,78
1,123
1,52
1,111
1,103
1,295
1,210
1,275
1,57
1,137
1,72
1,167
1,21
1,33
1,21
1,199
1,154
1,20
1,30
1,53
1,153
1,135
1,2
1,91
1,112
1,206
1,102
1,123
1,142
1,27
1,11
1,81
1,39
1,53
1,28
1,89
1,83
1,72
1,91
1,143
1,211
1,85
1,19
1,173
1,135
1,196
1,71
1,208
1,1
1,3
1,35
1,236
1,2
1,57
1,113
1,120
1,143
1,57
1,172
1,222
1,76
1,57
1,101
1,173
1,222
1,208
1,150
1,79
1,172
1,23
1,111
1,265
1,261
1,31
1,150
1,114
1,294
1,69
1,286
1,115
1,11
1,62
1,174
1,74
1,82
1,275
1,115
1,203
1,71
1,79
1,9
1,111
1,64
1,166
1,227
1,151
1,27
1,23
1,38
1,271
1,112
1,96
1,36
1,26
1,240
1,256
1,57
1,46
1,135
1,5
1,179
1,83
1,199
1,158
1,156
1,128
1,13
1,208
1,50
1,261
1,80
1,195
1,175
1,159
1,114
1,13
1,163
1,9
1,280
1,157
1,30
1,27
1,36
1,31
1,123
1,43
1,63
1,36
1,157
1,236
1,63
1,31
1,30
1,155
1,195
1,295
1,155
1,195
1,39
1,249
1,24
1,102
1,78
2,205
2,160
2,124
2,167
2,205
2,131
2,160
2,13
2,1
2,0
2,52
2,124
2,110
2,38
2,126
2,253
2,234
2,38
2,50
2,261
2,256
2,199
2,214
2,27
2,50
2,211
2,128
2,113
2,81
2,34
2,65
2,11
2,102
2,86
2,101
2,126
2,227
2,120
2,243
2,131
2,262
2,107
2,183
2,135
2,208
2,133
2,229
2,131
2,45
2,124
2,26
2,157
2,17
2,133
2,211
2,152
2,178
2,294
2,65
2,189
2,169
2,61
2,262
2,1
2,30
2,167
2,192
2,193
2,168
2,173
2,101
2,255
2,20
2,133
2,110
2,253
2,17
2,133
2,124
2,197
2,199
2,226
2,103
2,264
2,4
2,253
2,1
2,226
2,178
2,52
2,249
2,168
2,295
2,149
2,107
2,191
2,74
2,195
2,193
2,0
2,178
2,102
2,13
2,141
2,100
2,124
2,128
2,211
2,234
2,56
2,199
2,133
2,29
2,71
2,61
2,52
2,121
2,100
2,212
2,34
2,204
2,56
2,120
2,13
2,0
2,27
2,214
2,176
2,1
2,86
2,255
2,4
2,191
2,23
2,13
2,1
2,103
2,189
2,38
2,103
2,236
2,227
2,178
2,141
2,100
2,256
2,229
2,143
2,255
2,230
2,103
2,178
2,19
2,74
2,193
2,171
2,247
2,211
2,1
2,34
2,50
2,39
2,157
2,1
2,143
2,34
2,212
2,100
2,10
2,197
2,38
2,81
2,253
2,149
2,81
2,50
2,35
2,101
2,173
2,11
2,45
2,0
2,71
2,55
2,178
2,1
2,121
2,34
2,65
2,55
2,135
2,17
2,80
2,192
2,20
2,103
2,31
2,193
2,227
2,262
2,261
2,149
2,160
2,160
2,192
2,230
2,27
2,255
2,86
2,253
2,194
2,289
2,255
2,77
2,114
2,204
2,85
2,197
2,181
2,61
2,152
2,214
2,173
2,256
2,158
2,226
2,135
2,31
2,71
2,26
2,35
2,189
2,110
2,262
2,214
2,149
2,271
2,120
2,135
2,120
2,152
2,226
2,110
2,110
2,211
2,26
2,227
2,100
2,230
2,115
2,264
2,171
2,127
2,101
2,158
2,183
2,212
2,81
2,39
2,176
2,190
2,39
2,83
2,74
2,151
2,214
2,124
2,1
2,55
2,20
2,55
2,0
2,120
2,236
2,181
2,194
2,55
2,77
2,101
2,103
2,23
2,110
2,261
2,171
2,193
2,102
2,1
2,294
2,17
2,20
2,1
2,74
2,107
2,197
2,38
2,193
2,85
2,149
2,211
2,34
2,141
2,178
2,294
2,197
2,39
2,26
2,271
2,243
2,208
2,264
2,4
2,192
2,85
2,52
2,271
2,0
2,55
2,100
2,102
2,234
2,13
2,5
2,114
2,230
2,107
2,19
2,31
2,100
2,114
2,45
2,272
2,208
2,211
2,52
2,10
2,271
2,52
2,77
2,141
2,100
2,141
2,193
2,85
2,0
2,183
2,272
2,191
2,17
2,272
2,212
2,5
2,255
2,191
2,57
2,100
2,38
2,183
2,181
2,176
2,110
2,272
2,232
2,199
2,50
2,143
2,38
2,272
2,168
2,256
2,11
2,11
2,100
2,192
2,102
2,271
2,190
2,271
2,191
2,17
2,253
2,160
2,34
2,152
2,20
2,19
2,124
2,135
2,189
2,149
2,227
2,17
2,158
2,149
2,101
2,61
2,20
2,103
2,39
2,102
2,128
2,171
2,135
2,52
2,85
2,124
2,121
2,124
2,85
2,26
2,50
2,211
2,243
2,149
2,5
2,52
2,189
2,227
2,222
2,126
2,272
2,295
2,4
2,17
2,131
2,133
2,261
2,200
2,81
2,45
2,21
2,197
2,102
2,69
2,38
2,189
2,179
2,123
2,171
2,10
2,173
2,194
2,157
2,121
2,229
2,23
2,183
2,249
2,255
2,80
2,80
2,70
2,110
2,255
2,124
2,20
2,220
2,229
2,294
2,1
2,211
2,74
2,23
2,243
2,160
2,189
2,86
2,230
2,212
2,226
2,45
2,85
2,195
2,114
2,31
2,227
2,21
2,61
2,135
2,190
2,13
2,190
2,86
2,168
2,176
2,211
2,232
2,128
2,120
2,110
2,0
2,255
2,10
2,128
2,50
2,124
2,192
2,226
2,226
2,100
2,236
2,11
2,243
2,193
2,141
2,191
2,133
2,65
2,256
2,107
2,249
2,128
2,131
2,5
2,234
2,178
2,167
2,190
2,57
2,0
2,193
2,272
2,0
2,169
2,26
2,205
2,275
2,193
2,133
2,236
2,141
2,103
2,247
2,52
2,236
2,183
2,243
2,124
2,70
2,211
2,230
2,236
2,0
2,20
2,167
2,122
2,183
2,123
2,262
2,255
2,143
2,192
2,295
2,168
2,200
2,101
2,122
2,149
2,34
2,133
2,158
2,289
2,183
2,191
2,100
2,168
2,152
2,176
2,149
2,45
2,52
2,189
2,121
2,120
2,255
2,193
2,23
2,199
2,52
2,192
2,86
2,131
2,10
2,243
2,232
2,214
2,10
2,169
2,294
2,152
2,21
2,169
2,222
2,255
2,13
2,171
2,11
2,191
2,255
2,178
2,55
2,114
2,227
2,247
2,226
2,38
2,10
2,39
2,192
2,212
2,26
2,191
2,123
2,137
2,80
2,169
2,133
2,20
2,192
2,149
2,194
2,126
2,81
2,229
2,255
2,19
2,295
2,120
2,208
2,133
2,50
2,0
2,13
2,190
2,194
2,133
2,272
2,230
2,123
2,261
2,171
2,272
2,272
2,124
2,120
2,133
2,179
2,110
2,208
2,65
2,1
2,4
2,117
2,115
2,247
2,193
2,74
2,190
2,124
2,29
2,176
2,183
2,192
2,55
2,10
2,289
2,226
2,69
2,176
2,169
2,103
2,191
2,255
2,135
2,101
2,229
2,101
2,86
2,262
2,11
2,226
2,103
2,152
2,255
2,211
2,194
2,85
2,192
2,100
2,158
2,149
2,122
2,17
2,71
2,57
2,183
2,190
2,71
2,11
2,107
2,176
2,74
2,178
2,249
2,77
2,19
2,205
2,253
2,61
2,193
2,17
2,126
2,168
2,19
2,183
2,13
2,10
2,179
2,100
2,27
2,133
2,57
2,178
2,114
2,205
2,200
2,131
2,131
2,10
2,141
2,143
2,262
2,227
2,65
2,256
2,195
2,158
2,50
2,124
2,20
2,17
2,17
2,20
2,294
2,124
2,126
2,131
2,243
2,77
2,19
2,264
2,208
2,61
2,211
2,190
2,107
2,191
2,149
2,160
2,271
2,243
2,143
2,133
2,289
2,77
2,229
2,56
2,205
2,232
2,179
2,160
2,191
2,183
2,74
2,249
2,86
2,272
2,192
2,55
2,121
2,211
2,133
2,205
2,38
2,30
2,4
2,131
2,10
2,114
2,183
2,13
2,183
2,141
2,120
2,236
2,103
2,61
2,295
2,199
2,157
2,256
2,199
2,86
2,229
2,243
2,168
2,86
2,141
2,295
2,17
2,120
2,120
2,110
2,256
2,255
2,101
2,13
2,101
2,220
2,289
2,77
2,121
2,234
2,85
2,192
2,289
2,103
2,121
2,124
2,243
2,122
2,243
2,65
2,169
2,261
2,122
2,205
2,194
2,124
2,103
2,86
2,220
2,181
2,179
2,181
2,71
2,212
2,189
2,178
2,256
2,120
2,194
2,133
2,197
2,264
2,107
2,5
2,249
2,122
2,100
2,234
2,86
2,229
2,158
2,234
2,103
2,100
2,214
2,189
2,193
2,13
2,249
2,294
2,191
2,191
2,169
2,169
2,149
2,0
2,194
2,61
2,1
2,183
2,168
2,110
2,160
2,120
2,190
2,34
2,0
2,39
2,23
2,39
2,206
2,212
2,152
2,249
2,38
2,80
2,294
2,261
2,114
2,107
2,26
2,122
2,121
2,141
2,34
2,191
2,1
2,126
2,234
2,249
2,176
2,253
2,55
2,117
2,31
2,77
2,133
2,167
2,197
2,121
2,124
2,195
2,124
2,222
2,158
2,247
2,120
2,272
2,74
2,149
2,160
2,86
2,152
2,272
2,20
2,234
2,214
2,200
2,261
2,264
2,152
2,0
2,169
2,20
2,10
2,204
2,0
2,126
2,192
2,50
2,183
2,114
2,120
2,190
2,102
2,173
2,189
2,262
2,227
2,230
2,230
2,183
2,294
2,253
2,71
2,193
2,205
2,171
2,160
2,171
2,13
2,21
2,261
2,261
2,100
2,152
2,149
2,262
2,272
2,249
2,1
2,205
2,55
2,178
2,191
2,101
2,289
2,261
2,189
2,114
2,0
2,211
2,124
2,294
2,222
2,211
2,4
2,135
2,294
2,149
2,126
2,189
2,211
2,31
2,101
2,171
2,181
2,243
2,171
2,193
2,197
2,85
2,253
2,4
2,243
2,57
2,208
2,19
2,255
2,4
2,205
2,234
2,171
2,152
2,124
2,176
2,85
2,208
2,10
2,193
2,19
2,141
2,137
2,158
2,189
2,34
2,194
2,230
2,149
2,176
2,158
2,294
2,168
2,193
2,13
2,190
2,212
2,243
2,13
2,13
2,13
2,71
2,101
2,74
2,10
2,124
2,195
2,261
2,208
2,152
2,45
2,256
2,10
2,102
2,107
2,204
2,122
2,100
2,192
2,131
2,197
2,131
2,183
2,289
2,133
2,157
2,110
2,197
2,243
2,81
2,255
2,295
2,190
2,199
2,110
2,122
2,183
2,4
2,55
2,152
2,65
2,171
2,152
2,10
2,236
2,232
3,144
3,49
3,213
3,276
3,106
3,266
3,170
3,284
3,213
3,218
3,118
3,136
3,281
3,26
3,268
3,94
3,225
3,186
3,186
3,93
3,292
3,95
3,266
3,70
3,290
3,109
3,238
3,144
3,170
3,94
3,290
3,179
3,292
3,223
3,165
3,54
3,290
3,180
3,164
3,146
3,146
3,90
3,277
3,187
3,225
3,16
3,113
3,188
3,188
3,161
3,26
3,108
3,130
3,7
3,297
3,61
3,130
3,187
3,170
3,161
3,7
3,49
3,223
3,118
3,198
3,83
3,263
3,263
3,11
3,134
3,15
3,90
3,267
3,54
3,188
3,209
3,127
3,281
3,186
3,6
3,109
3,268
3,244
3,239
3,146
3,278
3,12
3,254
3,144
3,188
3,218
3,134
3,276
3,109
3,290
3,146
3,297
3,223
3,16
3,147
3,238
3,267
3,216
3,161
3,170
3,161
3,144
3,64
3,238
3,182
3,84
3,143
3,216
3,218
3,290
3,170
3,228
3,61
3,187
3,225
3,281
3,217
3,157
3,182
3,90
3,187
3,216
3,223
3,276
3,252
3,248
3,51
3,186
3,278
3,165
3,170
3,284
3,26
3,165
3,228
3,223
3,146
3,209
3,284
3,97
3,15
3,170
3,170
3,202
3,130
3,95
3,106
3,281
3,170
3,108
3,136
3,266
3,39
3,39
3,118
3,270
3,188
3,202
3,188
3,186
3,49
3,198
3,95
3,61
3,93
3,84
3,292
3,297
3,267
3,198
3,201
3,167
3,157
3,26
3,248
3,118
3,188
3,6
3,93
3,136
3,125
3,165
3,144
3,130
3,39
3,61
3,115
3,281
3,195
3,209
3,161
3,129
3,136
3,188
3,182
3,83
3,108
3,49
3,32
3,12
3,288
3,129
3,225
3,67
3,170
3,224
3,202
3,49
3,115
3,165
3,54
3,7
3,182
3,223
3,279
3,84
3,277
3,136
3,179
3,263
3,134
3,187
3,97
3,284
3,50
3,84
3,136
3,186
3,136
3,179
3,165
3,292
3,216
3,263
3,125
3,161
3,269
3,188
3,11
3,182
3,187
3,288
3,170
3,165
3,246
3,67
3,217
3,216
3,84
3,127
3,109
3,90
3,268
3,292
3,128
3,118
3,282
3,182
3,15
3,128
3,7
3,223
3,288
3,198
3,254
3,96
3,270
3,202
3,239
3,129
3,7
3,109
3,252
3,12
3,61
3,288
3,186
3,293
3,244
3,235
3,187
3,95
3,254
3,109
3,288
3,225
3,223
3,235
3,270
3,187
3,146
3,113
3,115
3,239
3,147
3,216
3,218
3,268
3,223
3,6
3,293
3,7
3,292
3,125
3,225
3,268
3,246
3,186
3,26
3,282
3,182
3,267
3,113
3,266
3,95
3,54
3,170
3,218
3,6
3,113
3,146
3,97
3,70
3,96
3,218
3,94
3,213
3,278
3,127
3,32
3,93
3,94
3,290
3,277
3,297
3,186
3,235
3,288
3,281
3,248
3,263
3,267
3,195
3,84
3,166
3,188
3,278
3,276
3,146
3,290
3,201
3,278
3,170
3,281
3,61
3,282
3,84
3,186
3,217
3,125
3,90
3,170
3,282
3,266
3,161
3,288
3,7
3,278
3,252
3,83
3,146
3,144
3,268
3,96
3,90
3,136
3,228
3,293
3,32
3,201
3,134
3,97
3,170
3,268
3,217
3,282
3,186
3,195
3,143
3,293
3,288
3,90
3,106
3,290
3,267
3,217
3,128
3,244
3,266
3,70
3,39
3,239
3,64
3,127
3,180
3,235
3,217
3,186
3,281
3,246
3,97
3,290
3,281
3,282
3,202
3,113
3,278
3,95
3,106
3,32
3,246
3,186
3,39
3,7
3,180
3,246
3,263
3,292
3,246
3,170
3,6
3,5
3,263
3,290
3,281
3,96
3,93
3,216
3,284
3,266
3,293
3,97
3,252
3,144
3,129
3,290
3,97
3,187
3,128
3,188
3,186
3,267
3,84
3,127
3,106
3,223
3,146
3,136
3,278
3,136
3,32
3,270
3,113
3,51
3,83
3,11
3,118
3,223
3,7
3,225
3,201
3,11
3,97
3,102
3,239
3,179
3,292
3,166
3,188
3,157
3,54
3,39
3,254
3,16
3,290
3,146
3,242
3,198
3,238
3,129
3,113
3,70
3,202
3,94
3,225
3,207
3,246
3,217
3,136
3,165
3,278
3,224
3,288
3,180
3,209
3,182
3,95
3,187
3,238
3,201
3,26
3,167
3,224
3,188
3,209
3,182
3,187
3,134
3,267
3,270
3,252
3,268
3,209
3,188
3,186
3,136
3,179
3,284
3,238
3,217
3,223
3,225
3,267
3,270
3,7
3,118
3,266
3,277
3,297
3,216
3,113
3,15
3,15
3,108
3,238
3,218
3,12
3,267
3,167
3,270
3,292
3,195
3,201
3,161
3,179
3,90
3,279
3,136
3,239
3,83
3,217
3,146
3,217
3,276
3,12
3,49
3,32
3,115
3,180
3,248
3,235
3,26
3,136
3,144
3,290
3,83
3,144
3,201
3,182
3,115
3,95
3,128
3,209
3,136
3,7
3,248
3,50
3,281
3,125
3,263
3,164
3,252
3,51
3,32
3,277
3,113
3,12
3,32
3,268
3,136
3,218
3,238
3,144
3,90
3,109
3,39
3,108
3,267
3,134
3,224
3,102
3,108
3,276
3,143
3,242
3,265
3,15
3,84
3,50
3,129
3,187
3,246
3,161
3,198
3,217
3,67
3,147
3,130
3,136
3,282
3,198
3,202
3,136
3,129
3,136
3,209
3,263
3,129
3,279
3,188
3,6
3,188
3,15
3,182
3,224
3,113
3,54
3,144
3,281
3,292
3,165
3,179
3,113
3,207
3,125
3,267
3,201
3,202
3,143
3,11
3,16
3,134
3,254
3,281
3,96
3,202
3,254
3,161
3,130
3,95
3,32
3,109
3,144
3,94
3,267
3,266
3,207
3,269
3,125
3,201
3,108
3,50
3,186
3,225
3,125
3,282
3,198
3,225
3,225
3,170
3,228
3,94
3,64
3,282
3,157
3,254
3,266
3,239
3,144
3,188
3,187
3,263
3,128
3,246
3,94
3,238
3,288
3,157
3,109
3,252
3,267
3,7
3,61
3,290
3,134
3,267
3,161
3,108
3,134
3,267
3,288
3,278
3,50
3,108
3,281
3,54
3,267
3,90
3,182
3,252
3,157
3,235
3,216
3,165
3,108
3,195
3,83
3,238
3,32
3,290
3,161
3,288
3,228
3,266
3,96
3,39
3,7
3,54
3,61
3,180
3,238
3,218
3,96
3,277
3,225
3,51
3,224
3,11
3,108
3,198
3,268
3,11
3,134
3,279
3,67
3,223
3,180
3,49
3,277
3,267
3,293
3,118
3,225
3,292
3,39
3,288
3,202
3,109
3,125
3,165
3,90
3,225
3,15
3,179
3,267
3,164
3,186
3,54
3,242
3,93
3,167
3,267
3,238
3,50
3,187
3,278
3,161
3,266
3,54
3,97
3,106
3,202
3,144
3,182
3,54
3,127
3,109
3,165
3,182
3,267
3,209
3,161
3,186
3,187
3,26
3,54
3,50
3,297
3,290
3,144
3,223
3,228
3,5
3,51
3,267
3,96
3,165
3,180
3,64
3,67
3,224
3,224
3,268
3,109
3,134
3,93
3,290
3,108
3,270
3,293
3,228
3,109
3,97
3,209
3,108
3,136
3,134
3,268
3,187
3,180
3,267
3,217
3,293
3,129
3,94
3,54
3,239
3,166
3,127
3,67
3,61
3,90
3,164
3,129
3,188
3,96
3,147
3,136
3,161
3,242
3,146
3,90
3,70
3,127
3,297
3,16
3,16
3,209
3,246
3,136
3,39
3,7
3,278
3,290
3,198
3,254
3,188
3,224
3,223
3,113
3,276
3,161
3,252
3,167
3,224
3,282
3,235
3,239
3,109
3,239
3,186
3,179
3,51
3,61
3,216
3,218
3,201
3,201
3,224
3,166
3,290
3,90
3,61
4,174
4,196
4,231
4,82
4,207
4,39
4,94
4,91
4,279
4,258
4,166
4,35
4,104
4,46
4,36
4,44
4,58
4,41
4,96
4,104
4,167
4,153
4,36
4,276
4,156
4,58
4,88
4,66
4,279
4,3
4,279
4,166
4,184
4,105
4,71
4,203
4,70
4,220
4,233
4,39
4,68
4,175
4,286
4,214
4,47
4,207
4,59
4,2
4,12
4,88
4,143
4,276
4,150
4,221
4,74
4,240
4,140
4,163
4,142
4,184
4,42
4,28
4,273
4,139
4,221
4,40
4,18
4,215
4,48
4,115
4,44
4,283
4,287
4,24
4,148
4,215
4,244
4,215
4,26
4,23
4,61
4,154
4,116
4,61
4,2
4,23
4,92
4,20
4,228
4,71
4,159
4,87
4,14
4,137
4,139
4,39
4,228
4,71
4,37
4,258
4,22
4,25
4,83
4,287
4,62
4,177
4,123
4,18
4,66
4,111
4,2
4,142
4,64
4,258
4,47
4,72
4,138
4,156
4,179
4,155
4,219
4,105
4,5
4,23
4,285
4,23
4,156
4,18
4,105
4,28
4,25
4,167
4,13
4,36
4,11
4,73
4,287
4,257
4,210
4,26
4,22
4,83
4,184
4,26
4,274
4,52
4,26
4,210
4,8
4,115
4,221
4,73
4,143
4,80
4,156
4,128
4,36
4,50
4,143
4,175
4,18
4,138
4,73
4,33
4,46
4,157
4,220
4,82
4,253
4,154
4,123
4,235
4,71
4,41
4,9
4,123
4,91
4,22
4,91
4,296
4,20
4,2
4,78
4,153
4,74
4,28
4,116
4,283
4,75
4,3
4,98
4,35
4,9
4,138
4,43
4,260
4,203
4,220
4,52
4,185
4,166
4,87
4,269
4,66
4,71
4,123
4,83
4,145
4,46
4,88
4,87
4,150
4,240
4,260
4,98
4,48
4,285
4,73
4,39
4,274
4,185
4,172
4,285
4,98
4,293
4,80
4,46
4,85
4,64
4,72
4,196
4,111
4,20
4,177
4,296
4,276
4,74
4,179
4,43
4,167
4,56
4,279
4,33
4,112
4,179
4,64
4,153
4,228
4,102
4,36
4,210
4,41
4,142
4,207
4,2
4,82
4,139
4,257
4,228
4,48
4,42
4,12
4,88
4,257
4,241
4,24
4,119
4,98
4,233
4,138
4,221
4,82
4,166
4,157
4,251
4,210
4,253
4,260
4,167
4,94
4,195
4,60
4,79
4,50
4,42
4,52
4,184
4,286
4,73
4,220
4,221
4,75
4,42
4,75
4,11
4,253
4,59
4,154
4,174
4,36
4,210
4,69
4,142
4,58
4,33
4,37
4,47
4,98
4,66
4,154
4,69
4,24
4,85
4,3
4,242
4,276
4,92
4,269
4,43
4,296
4,157
4,179
4,253
4,14
4,40
4,14
4,265
4,88
4,162
4,208
4,12
4,154
4,19
4,164
4,26
4,143
4,148
4,115
4,166
4,8
4,175
4,172
4,11
4,287
4,184
4,6
4,163
4,128
4,215
4,59
4,143
4,104
4,70
4,237
4,58
4,78
4,220
4,5
4,103
4,271
4,22
4,48
4,82
4,111
4,257
4,235
4,9
4,75
4,2
4,276
4,74
4,166
4,23
4,92
4,215
4,42
4,36
4,283
4,240
4,2
4,75
4,39
4,284
4,36
4,154
4,156
4,44
4,53
4,59
4,36
4,12
4,148
4,5
4,115
4,39
4,153
4,156
4,287
4,64
4,235
4,203
4,179
4,56
4,142
4,85
4,79
4,203
4,228
4,42
4,11
4,207
4,113
4,145
4,174
4,142
4,40
4,81
4,164
4,14
4,28
4,113
4,80
4,9
4,79
4,148
4,132
4,284
4,47
4,208
4,50
4,166
4,24
4,71
4,37
4,33
4,283
4,39
4,253
4,92
4,69
4,48
4,39
4,139
4,25
4,163
4,153
4,265
4,3
4,50
4,258
4,196
4,61
4,18
4,88
4,241
4,293
4,58
4,251
4,71
4,265
4,150
4,143
4,111
4,89
4,18
4,210
4,91
4,142
4,61
4,3
4,175
4,83
4,273
4,265
4,26
4,12
4,48
4,80
4,164
4,71
4,96
4,60
4,116
4,177
4,115
4,61
4,33
4,6
4,241
4,22
4,174
4,50
4,104
4,113
4,81
4,179
4,52
4,179
4,286
4,75
4,58
4,44
4,103
4,179
4,138
4,13
4,87
4,241
4,52
4,177
4,111
4,2
4,293
4,286
4,46
4,72
4,279
4,39
4,207
4,91
4,195
4,5
4,184
4,74
4,80
4,41
4,115
4,155
4,44
4,78
4,23
4,237
4,166
4,159
4,214
4,64
4,127
4,18
4,50
4,89
4,157
4,96
4,276
4,142
4,215
4,259
4,148
4,18
4,154
4,285
4,81
4,150
4,285
4,96
4,242
4,62
4,210
4,283
4,151
4,140
4,104
4,145
4,273
4,47
4,2
4,43
4,273
4,40
4,195
4,104
4,154
4,174
4,37
4,33
4,123
4,221
4,220
4,127
4,132
4,66
4,42
4,293
4,26
4,52
4,113
4,85
4,73
4,157
4,221
4,128
4,259
4,104
4,50
4,274
4,167
4,37
4,36
4,139
4,83
4,150
4,286
4,83
4,203
4,9
4,119
4,62
4,284
4,91
4,284
4,127
4,89
4,285
4,219
4,172
4,88
4,46
4,59
4,79
4,91
4,28
4,116
4,112
4,69
4,296
4,9
4,284
4,12
4,142
4,283
4,159
4,2
4,8
4,69
4,47
4,139
4,293
4,59
4,48
4,5
4,111
4,285
4,14
4,208
4,119
4,241
4,96
4,82
4,102
4,61
4,103
4,162
4,113
4,98
4,113
4,82
4,28
4,231
4,91
4,61
4,127
4,142
4,98
4,102
4,228
4,104
4,241
4,253
4,73
4,3
4,219
4,98
4,43
4,279
4,85
4,50
4,44
4,184
4,71
4,210
4,179
4,42
4,184
4,258
4,80
4,166
4,6
4,167
4,14
4,112
4,44
4,26
4,257
4,79
4,59
4,196
4,82
4,151
4,60
4,48
4,113
4,61
4,196
4,66
4,74
4,258
4,150
4,22
4,89
4,111
4,259
4,70
4,41
4,162
4,184
4,151
4,79
4,105
4,59
4,48
4,150
4,279
4,215
4,235
4,75
4,89
4,156
4,148
4,273
4,73
4,293
4,18
4,115
4,75
4,3
4,283
4,68
4,153
4,156
4,137
4,87
4,139
4,167
4,102
4,207
4,179
4,296
4,40
4,196
4,42
4,36
4,265
4,150
4,285
4,59
4,2
4,60
4,28
4,286
4,157
4,111
4,163
4,279
4,29
4,177
4,132
4,220
4,137
4,273
4,184
4,73
4,219
4,139
4,123
4,58
4,156
4,150
4,235
4,29
4,132
4,153
4,88
4,112
4,48
4,154
4,119
4,139
4,233
4,61
4,96
4,80
4,52
4,208
4,203
4,69
4,98
4,48
4,159
4,274
4,73
4,83
4,73
4,175
4,82
4,75
4,33
4,235
4,60
4,119
4,36
4,220
4,113
4,48
4,123
4,23
4,73
4,279
4,58
4,221
4,92
4,296
4,62
4,195
4,79
4,18
4,203
4,26
4,132
4,103
4,284
4,82
4,103
4,155
4,276
4,105
4,74
4,115
4,231
4,123
4,155
4,20
4,83
4,137
4,72
4,174
4,14
4,41
4,70
4,64
4,286
4,151
4,143
4,8
4,12
4,207
4,29
4,98
4,92
4,85
4,231
4,208
4,145
4,138
4,279
4,137
4,283
4,36
4,60
4,153
4,83
4,150
4,53
4,150
4,99
4,22
4,296
4,210
4,172
4,68
4,66
4,228
4,47
4,18
4,40
4,220
4,159
4,53
4,83
4,119
4,179
4,42
4,60
4,153
4,115
4,64
4,56
4,43
4,89
4,14
4,46
4,228
4,81
4,207
4,103
4,103
4,151
4,115
4,39
4,207
4,70
4,2
4,25
4,58
4,115
4,18
4,18
4,68
4,6
4,28
5,9
5,91
5,111
5,92
5,104
5,235
5,14
5,66
5,159
5,145
5,59
5,195
5,24
5,58
5,154
5,85
5,284
5,56
5,83
5,265
5,153
5,99
5,37
5,240
5,286
5,210
5,47
5,153
5,8
5,50
5,43
5,3
5,220
5,123
5,164
5,279
5,103
5,142
5,258
5,46
5,260
5,69
5,23
5,61
5,46
5,64
5,58
5,75
5,127
5,179
5,73
5,207
5,29
5,286
5,9
5,96
5,46
5,259
5,39
5,37
5,244
5,116
5,285
5,210
5,166
5,104
5,29
5,75
5,241
5,98
5,113
5,208
5,210
5,265
5,46
5,36
5,71
5,2
5,163
5,196
5,48
5,207
5,71
5,14
5,210
5,150
5,2
5,36
5,115
5,96
5,231
5,162
5,60
5,53
5,29
5,11
5,207
5,41
5,28
5,184
5,53
5,128
5,233
5,231
5,9
5,207
5,56
5,64
5,214
5,143
5,104
5,253
5,28
5,80
5,33
5,14
5,80
5,271
5,127
5,221
5,99
5,276
5,273
5,179
5,104
5,203
5,153
5,5
5,153
5,9
5,241
5,43
5,78
5,231
5,50
5,163
5,25
5,279
5,283
5,132
5,25
5,221
5,73
5,258
5,151
5,94
5,208
5,260
5,88
5,175
5,11
5,47
5,78
5,174
5,157
5,58
5,151
5,143
5,260
5,22
5,71
5,72
5,296
5,196
5,23
5,72
5,137
5,96
5,73
5,11
5,195
5,231
5,23
5,89
5,58
5,172
5,87
5,24
5,276
5,177
5,87
5,208
5,22
5,98
5,82
5,3
5,137
5,53
5,36
5,37
5,279
5,85
5,215
5,105
5,156
5,83
5,66
5,3
5,64
5,11
5,52
5,103
5,127
5,159
5,233
5,53
5,105
5,53
5,22
5,241
5,71
5,283
5,6
5,284
5,92
5,150
5,123
5,78
5,78
5,179
5,240
5,23
5,59
5,46
5,235
5,184
5,91
5,105
5,72
5,14
5,148
5,28
5,163
5,23
5,61
5,14
5,39
5,210
5,151
5,6
5,64
5,24
5,50
5,196
5,207
5,22
5,172
5,69
5,153
5,94
5,115
5,162
5,162
5,155
5,64
5,179
5,103
5,24
5,285
5,2
5,157
5,83
5,70
5,157
5,111
5,29
5,41
5,78
5,265
5,242
5,33
5,293
5,274
5,148
5,76
5,259
5,33
5,172
5,283
5,111
5,163
5,296
5,3
5,116
5,287
5,116
5,71
5,82
5,296
5,184
5,46
5,145
5,112
5,102
5,235
5,274
5,127
5,153
5,94
5,153
5,185
5,22
5,50
5,284
5,286
5,162
5,284
5,104
5,39
5,26
5,276
5,6
5,94
5,163
5,233
5,2
5,119
5,162
5,284
5,75
5,166
5,42
5,137
5,139
5,89
5,56
5,64
5,111
5,162
5,58
5,80
5,39
5,44
5,26
5,11
5,111
5,271
5,139
5,105
5,46
5,163
5,119
5,151
5,154
5,163
5,88
5,72
5,59
5,139
5,87
5,18
5,259
5,11
5,60
5,18
5,14
5,235
5,153
5,14
5,89
5,94
5,260
5,64
5,112
5,60
5,164
5,154
5,82
5,231
5,119
5,279
5,184
5,164
5,233
5,253
5,162
5,296
5,286
5,283
5,284
5,273
5,58
5,35
5,73
5,73
5,85
5,43
5,94
5,96
5,276
5,143
5,36
5,166
5,145
5,37
5,39
5,184
5,48
5,104
5,112
5,71
5,145
5,207
5,12
5,163
5,3
5,138
5,123
5,43
5,244
5,3
5,145
5,293
5,59
5,56
5,233
5,195
5,87
5,132
5,92
5,296
5,259
5,8
5,137
5,36
5,116
5,154
5,11
5,195
5,279
5,235
5,96
5,143
5,98
5,89
5,151
5,74
5,62
5,18
5,9
5,82
5,196
5,148
5,14
5,42
5,228
5,33
5,56
5,286
5,166
5,58
5,179
5,46
5,79
5,64
5,166
5,36
5,145
5,68
5,271
5,72
5,293
5,69
5,26
5,153
5,53
5,83
5,23
5,104
5,115
5,179
5,293
5,273
5,166
5,185
5,257
5,166
5,151
5,113
5,142
5,74
5,253
5,258
5,116
5,293
5,132
5,69
5,203
5,26
5,3
5,76
5,18
5,39
5,59
5,203
5,79
5,12
5,48
5,12
5,68
5,157
5,58
5,208
5,119
5,112
5,143
5,37
5,82
5,29
5,11
5,53
5,286
5,61
5,8
5,153
5,274
5,99
5,83
5,154
5,48
5,235
5,60
5,98
5,148
5,143
5,148
5,71
5,96
5,37
5,207
5,123
5,68
5,167
5,265
5,72
5,60
5,62
5,260
5,269
5,81
5,215
5,157
5,48
5,29
5,296
5,148
5,64
5,104
5,233
5,73
5,241
5,61
5,8
5,163
5,85
5,33
5,104
5,127
5,104
5,61
5,53
5,5
5,78
5,82
5,59
5,22
5,75
5,43
5,116
5,33
5,53
5,148
5,128
5,179
5,98
5,119
5,276
5,87
5,94
5,25
5,8
5,68
5,196
5,150
5,112
5,220
5,44
5,123
5,29
5,12
5,71
5,70
5,46
5,156
5,143
5,83
5,96
5,105
5,253
5,155
5,14
5,148
5,115
5,68
5,127
5,203
5,41
5,79
5,58
5,156
5,119
5,78
5,177
5,157
5,285
5,18
5,233
5,111
5,92
5,156
5,208
5,47
5,42
5,265
5,166
5,276
5,99
5,215
5,258
5,119
5,203
5,257
5,215
5,142
5,23
5,24
5,203
5,162
5,179
5,153
5,104
5,162
5,240
5,68
5,258
5,75
5,174
5,220
5,287
5,3
5,269
5,12
5,271
5,35
5,274
5,175
5,145
5,83
5,240
5,78
5,22
5,115
5,157
5,62
5,104
5,25
5,36
5,220
5,185
5,207
5,172
5,60
5,174
5,162
5,175
5,8
5,41
5,274
5,153
5,2
5,66
5,287
5,91
5,195
5,25
5,153
5,11
5,14
5,83
5,287
5,12
5,276
5,128
5,98
5,285
5,179
5,105
5,138
5,69
5,58
5,279
5,119
5,36
5,23
5,52
5,219
5,154
5,60
5,155
5,220
5,154
5,296
5,113
5,6
5,79
5,8
5,26
5,40
5,60
5,184
5,228
5,102
5,85
5,140
5,257
5,92
5,185
5,99
5,219
5,208
5,6
5,177
5,179
5,12
5,235
5,293
5,59
5,251
5,276
5,71
5,210
5,42
5,265
5,64
5,75
5,139
5,44
6,195
6,260
6,113
6,296
6,153
6,143
6,156
6,56
6,167
6,175
6,76
6,237
6,237
6,116
6,123
6,82
6,98
6,287
6,207
6,123
6,26
6,140
6,46
6,60
6,18
6,111
6,40
6,61
6,111
6,142
6,153
6,82
6,148
6,143
6,39
6,60
6,96
6,185
6,62
6,143
6,104
6,257
6,69
6,81
6,219
6,80
6,203
6,98
6,155
6,44
6,20
6,258
6,285
6,271
6,68
6,73
6,46
6,153
6,153
6,18
6,64
6,37
6,115
6,257
6,96
6,174
6,260
6,143
6,293
6,58
6,83
6,92
6,274
6,285
6,96
6,269
6,61
6,69
6,285
6,68
6,123
6,104
6,24
6,2
6,48
6,137
6,40
6,196
6,85
6,221
6,36
6,71
6,163
6,175
6,22
6,40
6,22
6,155
6,28
6,79
6,251
6,44
6,273
6,58
6,111
6,127
6,166
6,50
6,37
6,88
6,265
6,123
6,293
6,26
6,62
6,166
6,61
6,284
6,25
6,237
6,220
6,274
6,96
6,28
6,269
6,39
6,18
6,233
6,88
6,62
6,88
6,220
6,215
6,143
6,11
6,184
6,175
6,87
6,74
6,271
6,26
6,145
6,228
6,3
6,29
6,60
6,231
6,215
6,33
6,159
6,172
6,82
6,137
6,39
6,148
6,296
6,203
6,148
6,207
6,104
6,82
6,61
6,89
6,58
6,35
6,172
6,99
6,5
6,155
6,43
6,215
6,145
6,41
6,128
6,203
6,231
6,115
6,105
6,153
6,154
6,283
6,112
6,64
6,127
6,283
6,76
6,5
6,89
6,70
6,143
6,179
6,73
6,115
6,12
6,23
6,128
6,138
6,61
6,53
6,99
6,293
6,284
6,196
6,258
6,175
6,69
6,50
6,29
6,274
6,72
6,41
6,240
6,50
6,257
6,12
6,53
6,39
6,35
6,159
6,120
6,112
6,103
6,75
6,40
6,210
6,98
6,162
6,85
6,273
6,2
6,37
6,214
6,43
6,81
6,58
6,177
6,18
6,259
6,150
6,251
6,14
6,29
6,253
6,196
6,26
6,9
6,184
6,46
6,142
6,78
6,220
6,12
6,2
6,33
6,50
6,145
6,22
6,44
6,20
6,207
6,162
6,69
6,145
6,155
6,215
6,48
6,274
6,60
6,159
6,47
6,80
6,56
6,138
6,53
6,285
6,174
6,286
6,139
6,279
6,44
6,105
6,259
6,271
6,71
6,127
6,148
6,219
6,233
6,166
6,177
6,60
6,75
6,228
6,3
6,166
6,60
6,104
6,155
6,150
6,80
6,148
6,237
6,228
6,139
6,75
6,179
6,75
6,22
6,89
6,240
6,276
6,89
6,184
6,156
6,28
6,61
6,127
6,26
6,35
6,271
6,25
6,46
6,75
6,195
6,196
6,82
6,164
6,33
6,203
6,35
6,14
6,132
6,167
6,127
6,11
6,184
6,163
6,103
6,105
6,9
6,46
6,75
6,156
6,286
6,48
6,83
6,50
6,5
6,244
6,47
6,41
6,18
6,20
6,80
6,53
6,78
6,166
6,62
6,35
6,52
6,184
6,99
6,18
6,113
6,59
6,276
6,145
6,258
6,58
6,219
6,2
6,242
6,142
6,284
6,5
6,156
6,22
6,66
6,259
6,184
6,20
6,11
6,179
6,94
6,155
6,69
6,42
6,72
6,79
6,96
6,20
6,167
6,215
6,66
6,96
6,235
6,207
6,96
6,46
6,41
6,26
6,128
6,273
6,151
6,104
6,274
6,296
6,61
6,50
6,221
6,150
6,52
6,81
6,166
6,231
6,276
6,128
6,9
6,155
6,105
6,52
6,155
6,251
6,116
6,258
6,36
6,58
6,75
6,286
6,177
6,33
6,11
6,237
6,284
6,11
6,78
6,36
6,207
6,253
6,53
6,260
6,9
6,242
6,3
6,287
6,145
6,42
6,296
6,11
6,47
6,284
6,47
6,68
6,233
6,163
6,44
6,203
6,72
6,143
6,98
6,184
6,142
6,74
6,40
6,23
6,79
6,22
6,128
6,215
6,167
6,260
6,91
6,80
6,175
6,174
6,48
6,8
6,39
6,127
6,148
6,208
6,2
6,74
6,253
6,75
6,274
6,207
6,11
6,73
6,119
6,91
6,142
6,72
6,50
6,25
6,70
6,251
6,116
6,157
6,104
6,73
6,207
6,119
6,62
6,82
6,12
6,53
6,39
6,26
6,47
6,119
6,156
6,174
6,59
6,244
6,210
6,41
6,276
6,69
6,284
6,220
6,143
6,219
6,286
6,296
6,155
6,50
6,156
6,92
6,156
6,79
6,269
6,12
6,139
6,75
6,72
6,23
6,157
6,88
6,103
6,260
6,207
6,94
6,260
6,79
6,258
6,279
6,145
6,283
6,75
6,207
6,279
6,128
6,71
6,285
6,26
6,48
6,163
6,265
6,219
6,231
6,35
6,83
6,56
6,89
6,137
6,82
6,23
6,87
6,44
6,162
6,79
6,59
6,156
6,48
6,175
6,179
6,46
6,14
6,104
6,42
6,153
6,60
6,11
6,274
6,46
6,228
6,88
6,78
6,286
6,119
6,148
6,25
6,9
6,203
6,70
6,9
6,293
6,89
6,184
6,215
6,85
6,157
6,260
6,157
6,104
6,2
6,104
6,148
6,259
6,185
6,66
6,276
6,285
6,237
6,64
6,258
6,140
6,166
6,259
6,132
6,3
6,139
6,25
6,177
6,172
6,52
6,39
6,113
6,215
6,177
6,157
6,60
6,148
6,119
6,127
6,62
6,44
6,18
6,24
6,40
6,60
6,184
6,228
6,102
6,85
6,140
6,257
6,92
6,185
6,99
6,219
6,208
6,6
6,177
6,179
6,12
6,235
6,293
6,59
6,251
6,276
6,71
6,210
6,42
6,265
6,64
6,75
6,139
6,44
6,81
6,285
6,69
6,70
6,148
6,167
6,177
6,47
6,164
6,36
6,185
6,85
6,119
6,116
6,244
6,185
6,70
6,296
6,104
6,58
6,119
6,157
6,231
6,139
6,61
6,28
6,172
6,116
6,22
6,111
6,139
6,154
6,75
6,78
6,58
6,6
6,75
6,83
6,81
6,179
6,80
6,162
6,52
6,22
6,155
6,24
6,177
6,91
6,116
6,11
6,283
6,105
6,39
6,3
6,18
6,81
6,128
6,242
6,80
6,273
6,221
6,279
6,116
6,162
6,215
6,20
6,203
6,112
6,12
6,42
6,220
6,103
6,9
6,207
6,68
6,155
6,47
7,40
7,220
7,102
7,207
7,203
7,105
7,260
7,253
7,265
7,89
7,33
7,237
7,23
7,89
7,196
7,71
7,105
7,271
7,127
7,88
7,52
7,25
7,258
7,104
7,96
7,162
7,46
7,111
7,177
7,53
7,83
7,92
7,274
7,41
7,163
7,119
7,2
7,88
7,228
7,53
7,5
7,74
7,75
7,48
7,66
7,44
7,33
7,154
7,39
7,2
7,11
7,175
7,62
7,257
7,20
7,37
7,157
7,83
7,89
7,89
7,48
7,73
7,237
7,26
7,92
7,240
7,81
7,150
7,73
7,43
7,271
7,25
7,96
7,2
7,296
7,179
7,36
7,104
7,96
7,208
7,26
7,148
7,50
7,89
7,98
7,58
7,143
7,76
7,156
7,137
7,18
7,207
7,244
7,196
7,219
7,43
7,179
7,119
7,98
7,132
7,159
7,99
7,137
7,82
7,70
7,74
7,150
7,179
7,210
7,50
7,207
7,259
7,156
7,72
7,69
7,151
7,8
7,89
7,66
7,138
7,215
7,177
7,228
7,143
7,68
7,273
7,22
7,81
7,8
7,70
7,128
7,112
7,163
7,155
7,26
7,151
7,174
7,8
7,157
7,96
7,87
7,271
7,258
7,36
7,28
7,127
7,231
7,276
7,104
7,82
7,81
7,273
7,139
7,177
7,44
7,142
7,153
7,279
7,258
7,48
7,74
7,184
7,172
7,102
7,215
7,233
7,195
7,115
7,66
7,74
7,41
7,215
7,29
7,153
7,73
7,116
7,91
7,87
7,143
7,241
7,62
7,257
7,87
7,37
7,47
7,29
7,29
7,150
7,6
7,220
7,87
7,3
7,14
7,79
7,36
7,207
7,279
7,184
7,99
7,46
7,98
7,24
7,47
7,140
7,257
7,24
7,274
7,148
7,285
7,94
7,88
7,58
7,240
7,70
7,47
7,164
7,235
7,237
7,260
7,8
7,203
7,22
7,166
7,113
7,66
7,39
7,276
7,81
7,75
7,251
7,62
7,48
7,162
7,33
7,71
7,296
7,220
7,46
7,72
7,75
7,22
7,66
7,140
7,162
7,162
7,91
7,123
7,284
7,24
7,39
7,259
7,163
7,71
7,70
7,219
7,64
7,231
7,177
7,214
7,52
7,174
7,36
7,87
7,41
7,46
7,285
7,85
7,195
7,283
7,177
7,71
7,96
7,68
7,11
7,104
7,116
7,143
7,71
7,83
7,184
7,104
7,47
7,96
7,75
7,42
7,53
7,6
7,29
7,68
7,259
7,285
7,163
7,12
7,145
7,284
7,75
7,44
7,46
7,6
7,25
7,60
7,219
7,112
7,174
7,148
7,123
7,119
7,235
7,253
7,69
7,60
7,69
7,72
7,42
7,87
7,78
7,83
7,19
7,153
7,91
7,98
7,70
7,87
7,53
7,64
7,128
7,258
7,284
7,184
7,153
7,105
7,6
7,96
7,228
7,185
7,284
7,207
7,258
7,82
7,174
7,88
7,75
7,164
7,61
7,46
7,22
7,279
7,89
7,196
7,167
7,82
7,42
7,220
7,287
7,46
7,253
7,68
7,28
7,20
7,83
7,142
7,29
7,29
7,59
7,228
7,105
7,28
7,139
7,167
7,113
7,81
7,164
7,233
7,184
7,283
7,79
7,92
7,113
7,151
7,279
7,56
7,167
7,174
7,18
7,287
7,105
7,41
7,81
7,210
7,195
7,14
7,25
7,85
7,132
7,195
7,257
7,11
7,207
7,207
7,155
7,29
7,20
7,61
7,253
7,286
7,113
7,156
7,166
7,155
7,99
7,53
7,62
7,85
7,220
7,241
7,39
7,33
7,14
7,8
7,151
7,287
7,5
7,68
7,68
7,132
7,241
7,196
7,293
7,72
7,104
7,260
7,26
7,25
7,215
7,68
7,70
7,269
7,132
7,220
7,119
7,145
7,78
7,105
7,287
7,228
7,269
7,177
7,162
7,75
7,59
7,269
7,276
7,60
7,296
7,99
7,276
7,279
7,231
7,58
7,260
7,283
7,195
7,111
7,271
7,18
7,102
7,11
7,98
7,70
7,159
7,148
7,260
7,64
7,179
7,42
7,14
7,3
7,221
7,184
7,18
7,137
7,162
7,8
7,36
7,81
7,167
7,112
7,74
7,273
7,79
7,269
7,11
7,3
7,164
7,240
7,287
7,70
7,258
7,145
7,116
7,148
7,26
7,35
7,96
7,269
7,241
7,6
7,14
7,123
7,179
7,215
7,91
7,174
7,2
7,177
7,60
7,5
7,210
7,235
7,274
7,14
7,162
7,163
7,150
7,221
7,203
7,258
7,166
7,81
7,87
7,154
7,155
7,111
7,83
7,50
7,24
7,53
7,283
7,47
7,111
7,48
7,71
7,258
7,287
7,18
7,111
7,40
7,167
7,195
7,237
7,150
7,50
7,174
7,228
7,50
7,80
7,20
7,166
